ID	Accession	Assay name	Assay title	Biosample classification	Target	Target of assay	Target gene symbol	Biosample summary	Biosample term name	Dbxrefs	Description	Lab	Project	Status	Files	Related series	Biosample accession	Biological replicate	Technical replicate	Linked antibody	Organism	Life stage	Biosample age	Biosample treatment	Biosample treatment ontology ID	Biosample treatment amount	Biosample treatment amount units	Biosample treatment duration	Biosample treatment duration units	Synchronization	Post-synchronization time	Post-synchronization time units	Biosample modification site target organism	Biosample modification site introduced gene organism	Replicates	Mixed biosamples	Cellular component	Library construction platform	Library construction method
/experiments/ENCSR814LMX/	ENCSR814LMX	single-cell RNA sequencing assay	snRNA-seq	tissue				Homo sapiens heart left ventricle tissue nuclear fraction male adult (31 years)	heart left ventricle			Michael Snyder, Stanford	ENCODE	released	/files/ENCFF886WKX/,/files/ENCFF969KPL/,/files/ENCFF457CTR/,/files/ENCFF492VRH/,/files/ENCFF341NTT/,/files/ENCFF147NFM/,/files/ENCFF484HHL/,/files/ENCFF179EZD/,/files/ENCFF479XRA/,/files/ENCFF978ZMM/	/multiomics-series/ENCSR954THM/	ENCBS505KRY	1	1		Homo sapiens	adult	31 years												/replicates/edd709ec-849a-4794-a8df-f5902854513f/		nucleus	10X Genomics Chromium Controller	
/experiments/ENCSR630LZS/	ENCSR630LZS	single-cell RNA sequencing assay	snRNA-seq	tissue				Homo sapiens heart left ventricle tissue nuclear fraction male adult (41 years)	heart left ventricle			Michael Snyder, Stanford	ENCODE	released	/files/ENCFF054TZP/,/files/ENCFF905JLX/,/files/ENCFF365AEX/,/files/ENCFF283JFE/,/files/ENCFF626ZGN/,/files/ENCFF810TLH/,/files/ENCFF720YOG/,/files/ENCFF813ZNI/,/files/ENCFF249IHW/,/files/ENCFF578CWA/,/files/ENCFF779VYI/,/files/ENCFF431AQJ/,/files/ENCFF249BCO/,/files/ENCFF624UUV/	/multiomics-series/ENCSR707XPP/	ENCBS835HEM	1	1		Homo sapiens	adult	41 years												/replicates/dd2d4e1d-4a37-41c1-97d0-d34986580d89/		nucleus	10X Genomics Chromium Controller	
/experiments/ENCSR012APQ/	ENCSR012APQ	single-cell RNA sequencing assay	snRNA-seq	tissue				Homo sapiens heart left ventricle tissue nuclear fraction male adult (66 years)	heart left ventricle		Please note that this experiment is part of 10x multiome and has a corresponding scATAC experiment (ENCSR668XPI).	Michael Snyder, Stanford	ENCODE	released	/files/ENCFF955XWD/,/files/ENCFF439KKH/,/files/ENCFF295OZA/,/files/ENCFF088UOS/,/files/ENCFF094GCY/,/files/ENCFF806TDL/,/files/ENCFF696DZL/,/files/ENCFF548ZWP/,/files/ENCFF520QGO/,/files/ENCFF581BNZ/	/multiomics-series/ENCSR956ZER/	ENCBS056RAF	1	1		Homo sapiens	adult	66 years												/replicates/00999200-976a-43cc-948c-ca8ab69fa076/		nucleus	10X Genomics Chromium Controller	
/experiments/ENCSR763BII/	ENCSR763BII	single-cell RNA sequencing assay	snRNA-seq	tissue				Homo sapiens heart left ventricle tissue nuclear fraction female adult (42 years)	heart left ventricle			Michael Snyder, Stanford	ENCODE	released	/files/ENCFF249CVG/,/files/ENCFF972KER/,/files/ENCFF087ARR/,/files/ENCFF225BZI/,/files/ENCFF194CQB/,/files/ENCFF956VBJ/,/files/ENCFF557LNG/,/files/ENCFF920FOR/,/files/ENCFF105ZHH/,/files/ENCFF339CSE/,/files/ENCFF568KOS/,/files/ENCFF385IHV/,/files/ENCFF749VWC/,/files/ENCFF908GVD/	/multiomics-series/ENCSR487MGY/	ENCBS528MOI	1	1		Homo sapiens	adult	42 years												/replicates/d2f2af95-ce91-4325-824a-6e36188f140c/		nucleus	10X Genomics Chromium Controller	
/experiments/ENCSR002SMQ/	ENCSR002SMQ	single-cell RNA sequencing assay	snRNA-seq	tissue				Homo sapiens heart left ventricle tissue nuclear fraction male adult (68 years)	heart left ventricle			Michael Snyder, Stanford	ENCODE	released	/files/ENCFF710ZJC/,/files/ENCFF043SEJ/,/files/ENCFF105CUE/,/files/ENCFF314EKW/,/files/ENCFF289XTC/,/files/ENCFF451UNJ/,/files/ENCFF254LAL/,/files/ENCFF214JSW/,/files/ENCFF826RZB/,/files/ENCFF234CLO/,/files/ENCFF500LDR/,/files/ENCFF556ZXH/,/files/ENCFF387NNB/,/files/ENCFF431EOG/	/multiomics-series/ENCSR305JVN/	ENCBS210THB	1	1		Homo sapiens	adult	68 years												/replicates/563d07f5-149c-4466-b1f4-4dba1ac7a61c/		nucleus	10X Genomics Chromium Controller	
/experiments/ENCSR540DHJ/	ENCSR540DHJ	single-cell RNA sequencing assay	snRNA-seq	tissue				Homo sapiens heart left ventricle tissue nuclear fraction female adult (53 years)	heart left ventricle			Michael Snyder, Stanford	ENCODE	released	/files/ENCFF481AWA/,/files/ENCFF445XRD/,/files/ENCFF317GQX/,/files/ENCFF177GGI/,/files/ENCFF365CRH/,/files/ENCFF014OUA/,/files/ENCFF238CEH/,/files/ENCFF402DHE/,/files/ENCFF282IQM/,/files/ENCFF666XBU/,/files/ENCFF672RPX/,/files/ENCFF854DXZ/,/files/ENCFF579UEY/,/files/ENCFF522UBU/	/multiomics-series/ENCSR535LSU/	ENCBS775ZAT	1	1		Homo sapiens	adult	53 years												/replicates/e1e61a3b-1519-4d38-8e27-930ea019270c/		nucleus	10X Genomics Chromium Controller	
/experiments/ENCSR654MFX/	ENCSR654MFX	single-cell RNA sequencing assay	snRNA-seq	tissue				Homo sapiens heart left ventricle tissue nuclear fraction male adult (58 years)	heart left ventricle			Michael Snyder, Stanford	ENCODE	released	/files/ENCFF818XLR/,/files/ENCFF161ZOQ/,/files/ENCFF550LUQ/,/files/ENCFF943GZD/,/files/ENCFF852DCT/,/files/ENCFF648CYQ/,/files/ENCFF454JZJ/,/files/ENCFF769IUO/,/files/ENCFF865YQD/,/files/ENCFF136RNL/,/files/ENCFF238ACZ/,/files/ENCFF133YDF/,/files/ENCFF246ZUF/,/files/ENCFF757EEE/	/multiomics-series/ENCSR529JMP/	ENCBS554YCY	1	1		Homo sapiens	adult	58 years												/replicates/758e861c-163d-4565-b108-7c6966b2d276/		nucleus	10X Genomics Chromium Controller	
/experiments/ENCSR237HWJ/	ENCSR237HWJ	single-cell RNA sequencing assay	snRNA-seq	tissue				Homo sapiens heart left ventricle tissue nuclear fraction male adult (64 years)	heart left ventricle			Michael Snyder, Stanford	ENCODE	released	/files/ENCFF861ZPX/,/files/ENCFF391XAH/,/files/ENCFF162DBO/,/files/ENCFF296RYP/,/files/ENCFF327UPU/,/files/ENCFF654SGM/,/files/ENCFF351UZO/,/files/ENCFF669DJS/,/files/ENCFF119LTG/,/files/ENCFF806JUB/	/multiomics-series/ENCSR371YIY/	ENCBS667KWK	1	1		Homo sapiens	adult	64 years												/replicates/0cd4dc1b-ee1c-4be5-b857-e6be7e3cffbc/		nucleus	10X Genomics Chromium Controller	
/experiments/ENCSR008CVR/	ENCSR008CVR	single-cell RNA sequencing assay	snRNA-seq	tissue				Homo sapiens heart left ventricle tissue nuclear fraction male adult (67 years)	heart left ventricle			Michael Snyder, Stanford	ENCODE	released	/files/ENCFF796XBA/,/files/ENCFF776MNW/,/files/ENCFF848ZCN/,/files/ENCFF045XCZ/,/files/ENCFF634DMS/,/files/ENCFF669SSN/,/files/ENCFF138OZS/,/files/ENCFF965HWU/,/files/ENCFF903LZD/,/files/ENCFF377ZNX/,/files/ENCFF588EOL/,/files/ENCFF279AOM/,/files/ENCFF093GHP/,/files/ENCFF726RHO/	/multiomics-series/ENCSR056LAM/	ENCBS753VJH	1	1		Homo sapiens	adult	67 years												/replicates/cd5816a2-2621-4fe5-8520-a8fd6808c37a/		nucleus	10X Genomics Chromium Controller	
/experiments/ENCSR273JWD/	ENCSR273JWD	single-cell RNA sequencing assay	snRNA-seq	tissue				Homo sapiens heart left ventricle tissue nuclear fraction male adult (39 years)	heart left ventricle			Michael Snyder, Stanford	ENCODE	released	/files/ENCFF864ILT/,/files/ENCFF581IBO/,/files/ENCFF687VPX/,/files/ENCFF831YBR/,/files/ENCFF606KBS/,/files/ENCFF141KID/,/files/ENCFF030TKW/,/files/ENCFF128TKX/,/files/ENCFF137QKK/,/files/ENCFF322INV/,/files/ENCFF720QFR/,/files/ENCFF542TGC/,/files/ENCFF568GHX/,/files/ENCFF839GRA/	/multiomics-series/ENCSR623PHF/	ENCBS671QYO	1	1		Homo sapiens	adult	39 years												/replicates/962b61e3-db75-450f-8436-8de5e4440b20/		nucleus	10X Genomics Chromium Controller	
/experiments/ENCSR489URW/	ENCSR489URW	single-cell RNA sequencing assay	snRNA-seq	tissue				Homo sapiens heart left ventricle tissue nuclear fraction male adult (66 years)	heart left ventricle			Michael Snyder, Stanford	ENCODE	released	/files/ENCFF804XQY/,/files/ENCFF790XKQ/,/files/ENCFF388EKP/,/files/ENCFF697GPR/,/files/ENCFF194TGM/,/files/ENCFF775DIF/,/files/ENCFF734KVM/,/files/ENCFF422QJF/,/files/ENCFF288GXQ/,/files/ENCFF852ZZM/,/files/ENCFF344ORC/,/files/ENCFF596XTQ/,/files/ENCFF616KUA/,/files/ENCFF332PIV/	/multiomics-series/ENCSR725MMM/	ENCBS937SHK	1	1		Homo sapiens	adult	66 years												/replicates/4bce1f0d-29f0-45f0-b864-39a7c79ad20f/		nucleus	10X Genomics Chromium Controller	
/experiments/ENCSR762LML/	ENCSR762LML	single-cell RNA sequencing assay	snRNA-seq	tissue				Homo sapiens heart left ventricle tissue nuclear fraction male adult (54 years)	heart left ventricle			Michael Snyder, Stanford	ENCODE	released	/files/ENCFF032IHD/,/files/ENCFF673POH/,/files/ENCFF998OFW/,/files/ENCFF207JJJ/,/files/ENCFF361ERQ/,/files/ENCFF243IGN/,/files/ENCFF438PPJ/,/files/ENCFF976ZQW/,/files/ENCFF283ZLA/,/files/ENCFF750OIR/,/files/ENCFF402DKW/,/files/ENCFF936XAI/,/files/ENCFF209RPG/,/files/ENCFF994HWA/	/multiomics-series/ENCSR196LCO/	ENCBS530IBJ	1	1		Homo sapiens	adult	54 years												/replicates/fa23658f-c91c-4419-b820-a052b3f64dd7/		nucleus	10X Genomics Chromium Controller	
/experiments/ENCSR084XKX/	ENCSR084XKX	single-cell RNA sequencing assay	snRNA-seq	tissue				Homo sapiens heart left ventricle tissue nuclear fraction male adult (30 years)	heart left ventricle			Michael Snyder, Stanford	ENCODE	released	/files/ENCFF525XBF/,/files/ENCFF435DEJ/,/files/ENCFF669XQQ/,/files/ENCFF024GYX/,/files/ENCFF299PHN/,/files/ENCFF357JCN/,/files/ENCFF018UYW/,/files/ENCFF974KRV/,/files/ENCFF591UWX/,/files/ENCFF332CFS/,/files/ENCFF768IJQ/,/files/ENCFF872VNQ/,/files/ENCFF912YPD/,/files/ENCFF497GHN/	/multiomics-series/ENCSR870POU/	ENCBS117SFS	1	1		Homo sapiens	adult	30 years												/replicates/07557b52-c548-489f-88a6-407c41d0f673/		nucleus	10X Genomics Chromium Controller	
/experiments/ENCSR190TRK/	ENCSR190TRK	single-cell RNA sequencing assay	snRNA-seq	tissue				Homo sapiens heart left ventricle tissue nuclear fraction female adult (59 years)	heart left ventricle			Michael Snyder, Stanford	ENCODE	released	/files/ENCFF888YYO/,/files/ENCFF984CSJ/,/files/ENCFF555FEV/,/files/ENCFF385IMU/,/files/ENCFF837RAJ/,/files/ENCFF144SGE/,/files/ENCFF416RUA/,/files/ENCFF734VUX/,/files/ENCFF583UAM/,/files/ENCFF549PCC/,/files/ENCFF760MXT/,/files/ENCFF257VIE/,/files/ENCFF586VVM/,/files/ENCFF172FTF/	/multiomics-series/ENCSR891TJB/	ENCBS578OEH	1	1		Homo sapiens	adult	59 years												/replicates/c1e0ef7d-748b-432a-a6c0-a61b5e242b64/		nucleus	10X Genomics Chromium Controller	
/experiments/ENCSR851JBE/	ENCSR851JBE	single-cell RNA sequencing assay	snRNA-seq	tissue				Homo sapiens heart left ventricle tissue nuclear fraction male adult (63 years)	heart left ventricle			Michael Snyder, Stanford	ENCODE	released	/files/ENCFF826RCK/,/files/ENCFF923KER/,/files/ENCFF916LTW/,/files/ENCFF245OED/,/files/ENCFF605VQU/,/files/ENCFF985LPF/,/files/ENCFF046HGL/,/files/ENCFF240SVS/,/files/ENCFF615VHC/,/files/ENCFF122NDI/	/multiomics-series/ENCSR407GDZ/	ENCBS853VCN	1	1		Homo sapiens	adult	63 years												/replicates/6ee2fa31-8293-45cb-a7b6-2f554f671927/		nucleus	10X Genomics Chromium Controller	
/experiments/ENCSR345CVL/	ENCSR345CVL	single-cell RNA sequencing assay	snRNA-seq	tissue				Homo sapiens heart left ventricle tissue nuclear fraction male adult (37 years)	heart left ventricle			Michael Snyder, Stanford	ENCODE	released	/files/ENCFF952KWQ/,/files/ENCFF488ZII/,/files/ENCFF557AWH/,/files/ENCFF307FAI/,/files/ENCFF716JDM/,/files/ENCFF682SLL/,/files/ENCFF821ROM/,/files/ENCFF885CLK/,/files/ENCFF936XYF/,/files/ENCFF651SUA/,/files/ENCFF445JSN/,/files/ENCFF247XII/,/files/ENCFF757JCH/,/files/ENCFF320SAW/	/multiomics-series/ENCSR000ULP/	ENCBS183VKV	1	1		Homo sapiens	adult	37 years												/replicates/73c5cbfc-617c-4013-a1dd-9d3745c31246/		nucleus	10X Genomics Chromium Controller	
/experiments/ENCSR919ENI/	ENCSR919ENI	single-cell RNA sequencing assay	snRNA-seq	tissue				Homo sapiens heart left ventricle tissue nuclear fraction male adult (51 years)	heart left ventricle			Michael Snyder, Stanford	ENCODE	released	/files/ENCFF062PNT/,/files/ENCFF642RQO/,/files/ENCFF709WGM/,/files/ENCFF534SPO/,/files/ENCFF615TNB/,/files/ENCFF272BPW/,/files/ENCFF538RCL/,/files/ENCFF221ADI/,/files/ENCFF201DKN/,/files/ENCFF385YNN/	/multiomics-series/ENCSR664QSO/	ENCBS631QFV	1	1		Homo sapiens	adult	51 years												/replicates/9f91b48c-2526-433a-8fee-8e93f7b61afc/		nucleus	10X Genomics Chromium Controller	
/experiments/ENCSR753YOZ/	ENCSR753YOZ	single-cell RNA sequencing assay	snRNA-seq	tissue				Homo sapiens heart left ventricle tissue nuclear fraction male adult (55 years)	heart left ventricle			Michael Snyder, Stanford	ENCODE	released	/files/ENCFF920CZU/,/files/ENCFF759JQE/,/files/ENCFF221KKR/,/files/ENCFF216AUB/,/files/ENCFF537NVO/,/files/ENCFF973KRJ/,/files/ENCFF958YJL/,/files/ENCFF106ZSV/,/files/ENCFF393NUZ/,/files/ENCFF245IHZ/,/files/ENCFF520UFN/,/files/ENCFF963OQH/,/files/ENCFF381ZJP/,/files/ENCFF693PKV/	/multiomics-series/ENCSR038TKH/	ENCBS652JMT	1	1		Homo sapiens	adult	55 years												/replicates/b92dde29-3a81-45c2-b769-529acd1f996c/		nucleus	10X Genomics Chromium Controller	
/experiments/ENCSR076ZLE/	ENCSR076ZLE	single-cell RNA sequencing assay	snRNA-seq	tissue				Homo sapiens heart left ventricle tissue nuclear fraction female adult (61 years)	heart left ventricle			Michael Snyder, Stanford	ENCODE	released	/files/ENCFF938KWD/,/files/ENCFF062QKD/,/files/ENCFF029YXL/,/files/ENCFF795UFJ/,/files/ENCFF733OOH/,/files/ENCFF618YOF/,/files/ENCFF249IRW/,/files/ENCFF091PAF/,/files/ENCFF913KIW/,/files/ENCFF224DHQ/,/files/ENCFF944XQK/,/files/ENCFF658FBF/,/files/ENCFF429ZOD/,/files/ENCFF250NEP/	/multiomics-series/ENCSR716XVF/	ENCBS372CQB	1	1		Homo sapiens	adult	61 years												/replicates/f1552c51-6c19-41ac-884a-afd9cc5a27c9/		nucleus	10X Genomics Chromium Controller	
/experiments/ENCSR455MGH/	ENCSR455MGH	single-cell RNA sequencing assay	snRNA-seq	tissue				Homo sapiens heart left ventricle tissue nuclear fraction female adult (32 years)	heart left ventricle			Michael Snyder, Stanford	ENCODE	released	/files/ENCFF196AZS/,/files/ENCFF965WUG/,/files/ENCFF999GLW/,/files/ENCFF667XIQ/,/files/ENCFF736WYC/,/files/ENCFF696IGS/,/files/ENCFF319WIX/,/files/ENCFF046XTI/,/files/ENCFF440XNG/,/files/ENCFF089MLT/,/files/ENCFF091JBK/,/files/ENCFF684KAN/,/files/ENCFF134DPH/,/files/ENCFF111ALN/	/multiomics-series/ENCSR889JIE/	ENCBS655FSH	1	1		Homo sapiens	adult	32 years												/replicates/0039cb82-15e1-442b-912c-b760af9df8c2/		nucleus	10X Genomics Chromium Controller	
/experiments/ENCSR788SNY/	ENCSR788SNY	single-cell RNA sequencing assay	snRNA-seq	tissue				Homo sapiens heart left ventricle tissue nuclear fraction male adult (68 years)	heart left ventricle			Michael Snyder, Stanford	ENCODE	released	/files/ENCFF242KXL/,/files/ENCFF335CMO/,/files/ENCFF881WLP/,/files/ENCFF443MBK/,/files/ENCFF247RQP/,/files/ENCFF931PKP/,/files/ENCFF122BLU/,/files/ENCFF036ZHC/,/files/ENCFF123KBX/,/files/ENCFF841LBK/,/files/ENCFF243GIK/,/files/ENCFF360LUV/,/files/ENCFF574EYL/,/files/ENCFF252GVO/	/multiomics-series/ENCSR549BXX/	ENCBS519OPS	1	1		Homo sapiens	adult	68 years												/replicates/f9011b4c-317b-4415-a303-fbbcb9d6b0e0/		nucleus	10X Genomics Chromium Controller	
/experiments/ENCSR085XEW/	ENCSR085XEW	single-cell RNA sequencing assay	snRNA-seq	tissue				Homo sapiens heart left ventricle tissue nuclear fraction male adult (65 years)	heart left ventricle			Michael Snyder, Stanford	ENCODE	released	/files/ENCFF534NWN/,/files/ENCFF344XBG/,/files/ENCFF490HKT/,/files/ENCFF162PYJ/,/files/ENCFF382LDV/,/files/ENCFF612RZA/,/files/ENCFF625DIE/,/files/ENCFF791HUA/,/files/ENCFF175GXX/,/files/ENCFF264NLU/	/multiomics-series/ENCSR488WYF/	ENCBS313XWX	1	1		Homo sapiens	adult	65 years												/replicates/5280e701-6b5d-4497-a788-1f053cdc30a7/		nucleus	10X Genomics Chromium Controller	
/experiments/ENCSR777RUZ/	ENCSR777RUZ	single-cell RNA sequencing assay	snRNA-seq	tissue				Homo sapiens heart left ventricle tissue nuclear fraction male adult (62 years)	heart left ventricle			Michael Snyder, Stanford	ENCODE	released	/files/ENCFF571YWX/,/files/ENCFF529QRL/,/files/ENCFF224HKU/,/files/ENCFF701RCU/,/files/ENCFF714SQB/,/files/ENCFF324AWJ/,/files/ENCFF858WYU/,/files/ENCFF823MDQ/,/files/ENCFF317JXZ/,/files/ENCFF385RUJ/	/multiomics-series/ENCSR316UWS/	ENCBS315KVT	1	1		Homo sapiens	adult	62 years												/replicates/948eb264-d053-4ac0-8345-3705ab3ba7d5/		nucleus	10X Genomics Chromium Controller	
/experiments/ENCSR231FNL/	ENCSR231FNL	single-cell RNA sequencing assay	snRNA-seq	tissue				Homo sapiens heart left ventricle tissue nuclear fraction male adult (32 years)	heart left ventricle			Michael Snyder, Stanford	ENCODE	released	/files/ENCFF033JOQ/,/files/ENCFF720PTH/,/files/ENCFF121VIV/,/files/ENCFF509TAI/,/files/ENCFF411NLR/,/files/ENCFF536BNS/,/files/ENCFF861LPM/,/files/ENCFF861PVY/,/files/ENCFF084WKR/,/files/ENCFF677PCW/	/multiomics-series/ENCSR188XNY/	ENCBS684NAD	1	1		Homo sapiens	adult	32 years												/replicates/c75dacfb-342e-4353-aa38-f40501fa98a0/		nucleus	10X Genomics Chromium Controller	
/experiments/ENCSR328GTN/	ENCSR328GTN	single-cell RNA sequencing assay	snRNA-seq	tissue				Homo sapiens heart left ventricle tissue nuclear fraction male adult (68 years)	heart left ventricle			Michael Snyder, Stanford	ENCODE	released	/files/ENCFF537MSL/,/files/ENCFF174NFE/,/files/ENCFF522LOS/,/files/ENCFF837QEG/,/files/ENCFF190CGR/,/files/ENCFF971RNY/,/files/ENCFF200FJQ/,/files/ENCFF690CGM/,/files/ENCFF190NSU/,/files/ENCFF453RHE/,/files/ENCFF356UPT/,/files/ENCFF898QYM/,/files/ENCFF990HVS/,/files/ENCFF376RDV/	/multiomics-series/ENCSR882CKY/	ENCBS437OBX	1	1		Homo sapiens	adult	68 years												/replicates/07711a13-5102-45b4-83d5-2ae941b77922/		nucleus	10X Genomics Chromium Controller	
/experiments/ENCSR980OCK/	ENCSR980OCK	single-cell RNA sequencing assay	snRNA-seq	tissue				Homo sapiens heart left ventricle tissue nuclear fraction female adult (47 years)	heart left ventricle			Michael Snyder, Stanford	ENCODE	released	/files/ENCFF864BWO/,/files/ENCFF510ZAP/,/files/ENCFF907BFN/,/files/ENCFF978LPZ/,/files/ENCFF221NFC/,/files/ENCFF999CXO/,/files/ENCFF128XVA/,/files/ENCFF760QDB/,/files/ENCFF482FNO/,/files/ENCFF772BAH/	/multiomics-series/ENCSR523NMC/	ENCBS546CBA	1	1		Homo sapiens	adult	47 years												/replicates/f3de71c9-8b61-48f2-97ef-3474b54853e4/		nucleus	10X Genomics Chromium Controller	
/experiments/ENCSR991LHO/	ENCSR991LHO	single-cell RNA sequencing assay	snRNA-seq	tissue				Homo sapiens heart left ventricle tissue nuclear fraction male adult (65 years)	heart left ventricle			Michael Snyder, Stanford	ENCODE	released	/files/ENCFF542PVM/,/files/ENCFF990SFA/,/files/ENCFF336JIT/,/files/ENCFF015CTJ/,/files/ENCFF421FRU/,/files/ENCFF356JKV/,/files/ENCFF261RMT/,/files/ENCFF751VEG/,/files/ENCFF679UQW/,/files/ENCFF958PQA/,/files/ENCFF286MIT/,/files/ENCFF992HFX/,/files/ENCFF989JHC/,/files/ENCFF429HVH/	/multiomics-series/ENCSR629CZM/	ENCBS198GNK	1	1		Homo sapiens	adult	65 years												/replicates/16f0867e-411b-4bf6-b322-96e8cd7d2448/		nucleus	10X Genomics Chromium Controller	
/experiments/ENCSR056QLB/	ENCSR056QLB	single-cell RNA sequencing assay	snRNA-seq	tissue				Homo sapiens heart left ventricle tissue nuclear fraction male adult (50 years)	heart left ventricle			Michael Snyder, Stanford	ENCODE	released	/files/ENCFF675NQJ/,/files/ENCFF636NKI/,/files/ENCFF128DTV/,/files/ENCFF242MPI/,/files/ENCFF288WFT/,/files/ENCFF594JIN/,/files/ENCFF175PYR/,/files/ENCFF888SQY/,/files/ENCFF946LVW/,/files/ENCFF798UMB/,/files/ENCFF435HFL/,/files/ENCFF557TCW/,/files/ENCFF709XHF/,/files/ENCFF807NYH/	/multiomics-series/ENCSR418BIA/	ENCBS662JCB	1	1		Homo sapiens	adult	50 years												/replicates/1097eaa8-2b9d-4589-a174-1608f8038486/		nucleus	10X Genomics Chromium Controller	
/experiments/ENCSR157FDD/	ENCSR157FDD	single-cell RNA sequencing assay	snRNA-seq	tissue				Homo sapiens heart left ventricle tissue nuclear fraction male adult (30 years)	heart left ventricle			Michael Snyder, Stanford	ENCODE	released	/files/ENCFF669HCR/,/files/ENCFF040GSU/,/files/ENCFF076QNR/,/files/ENCFF203DVP/,/files/ENCFF777HHR/,/files/ENCFF025RFH/,/files/ENCFF920TQM/,/files/ENCFF966KTV/,/files/ENCFF844GHU/,/files/ENCFF186HGI/,/files/ENCFF616DEQ/,/files/ENCFF491ORA/,/files/ENCFF602LLD/,/files/ENCFF071XEX/	/multiomics-series/ENCSR243CWX/	ENCBS397INF	1	1		Homo sapiens	adult	30 years												/replicates/0b5f6467-e160-4a2b-bdd0-ad5d7fcc1090/		nucleus	10X Genomics Chromium Controller	
/experiments/ENCSR906MRL/	ENCSR906MRL	single-cell RNA sequencing assay	snRNA-seq	tissue				Homo sapiens heart left ventricle tissue nuclear fraction male adult (44 years)	heart left ventricle			Michael Snyder, Stanford	ENCODE	released	/files/ENCFF627TZV/,/files/ENCFF749WGT/,/files/ENCFF845BCV/,/files/ENCFF060WSK/,/files/ENCFF957OXZ/,/files/ENCFF891EBE/,/files/ENCFF352WMQ/,/files/ENCFF277SJL/,/files/ENCFF544OQH/,/files/ENCFF201ACS/,/files/ENCFF576BFI/,/files/ENCFF865YQP/,/files/ENCFF201LRF/,/files/ENCFF724RGF/	/multiomics-series/ENCSR100UGC/	ENCBS635FKD	1	1		Homo sapiens	adult	44 years												/replicates/1e18a124-830b-4cbe-b903-332eef13bd99/		nucleus	10X Genomics Chromium Controller	
/experiments/ENCSR994VEG/	ENCSR994VEG	single-cell RNA sequencing assay	snRNA-seq	tissue				Homo sapiens heart left ventricle tissue nuclear fraction female adult (51 years)	heart left ventricle			Michael Snyder, Stanford	ENCODE	released	/files/ENCFF988OYM/,/files/ENCFF301IZZ/,/files/ENCFF520TGK/,/files/ENCFF516NQR/,/files/ENCFF857RLY/,/files/ENCFF865RJY/,/files/ENCFF525HRF/,/files/ENCFF304TIT/,/files/ENCFF058FKB/,/files/ENCFF366MNP/,/files/ENCFF507PAU/,/files/ENCFF828HKS/,/files/ENCFF728ESX/,/files/ENCFF732OIQ/	/multiomics-series/ENCSR703OZJ/	ENCBS303DQG	1	1		Homo sapiens	adult	51 years												/replicates/dd0f5f5a-80b0-4231-adc9-e26a6a3fd357/		nucleus	10X Genomics Chromium Controller	
/experiments/ENCSR175TRJ/	ENCSR175TRJ	single-cell RNA sequencing assay	snRNA-seq	tissue				Homo sapiens heart left ventricle tissue nuclear fraction male adult (61 years)	heart left ventricle			Michael Snyder, Stanford	ENCODE	released	/files/ENCFF910PVX/,/files/ENCFF047LCA/,/files/ENCFF695AJI/,/files/ENCFF046FSN/,/files/ENCFF939RYE/,/files/ENCFF539OFB/,/files/ENCFF085OSR/,/files/ENCFF839LVX/,/files/ENCFF525OFQ/,/files/ENCFF636XST/,/files/ENCFF775IKH/,/files/ENCFF215GNY/,/files/ENCFF669VOS/,/files/ENCFF520PCM/	/multiomics-series/ENCSR196JUO/	ENCBS346JJG	1	1		Homo sapiens	adult	61 years												/replicates/73196211-56e7-4844-a156-87d13f5d85fa/		nucleus	10X Genomics Chromium Controller	
/experiments/ENCSR485GOL/	ENCSR485GOL	single-cell RNA sequencing assay	snRNA-seq	tissue				Homo sapiens heart left ventricle tissue nuclear fraction male adult (51 years)	heart left ventricle			Michael Snyder, Stanford	ENCODE	released	/files/ENCFF612VVX/,/files/ENCFF742NGC/,/files/ENCFF267VVJ/,/files/ENCFF985IZS/,/files/ENCFF472URB/,/files/ENCFF303HRU/,/files/ENCFF542RHA/,/files/ENCFF762DFG/,/files/ENCFF232BOF/,/files/ENCFF222AYM/,/files/ENCFF220HCP/,/files/ENCFF141KSK/,/files/ENCFF322GBX/,/files/ENCFF333FYJ/	/multiomics-series/ENCSR323AMA/	ENCBS371YBL	1	1		Homo sapiens	adult	51 years												/replicates/1cb09b4d-c560-4184-b898-a8d624325c29/		nucleus	10X Genomics Chromium Controller	
/experiments/ENCSR488UUT/	ENCSR488UUT	single-cell RNA sequencing assay	snRNA-seq	tissue				Homo sapiens heart left ventricle tissue nuclear fraction female adult (68 years)	heart left ventricle			Michael Snyder, Stanford	ENCODE	released	/files/ENCFF250AXS/,/files/ENCFF526PHO/,/files/ENCFF491PJN/,/files/ENCFF083YSB/,/files/ENCFF383CHR/,/files/ENCFF038LID/,/files/ENCFF828AAN/,/files/ENCFF989FQV/,/files/ENCFF464EZI/,/files/ENCFF466UAQ/,/files/ENCFF405ANF/,/files/ENCFF169FQE/,/files/ENCFF684ESX/,/files/ENCFF814FTG/	/multiomics-series/ENCSR060VMC/	ENCBS211LOV	1	1		Homo sapiens	adult	68 years												/replicates/3c499645-c2da-45f4-9fcc-49df928485f9/		nucleus	10X Genomics Chromium Controller	
/experiments/ENCSR204RHR/	ENCSR204RHR	single-cell RNA sequencing assay	snRNA-seq	tissue				Homo sapiens heart left ventricle tissue nuclear fraction male adult (68 years)	heart left ventricle			Michael Snyder, Stanford	ENCODE	released	/files/ENCFF392ZJZ/,/files/ENCFF118XVV/,/files/ENCFF295NZO/,/files/ENCFF822TAH/,/files/ENCFF711AIL/,/files/ENCFF715WFH/,/files/ENCFF935PUX/,/files/ENCFF726WIV/,/files/ENCFF392DRJ/,/files/ENCFF669JZO/,/files/ENCFF216TRA/,/files/ENCFF044JNW/,/files/ENCFF546XEZ/,/files/ENCFF022SMK/	/multiomics-series/ENCSR861PPJ/	ENCBS623RZE	1	1		Homo sapiens	adult	68 years												/replicates/91d42097-5305-44f6-b7cb-19ad517c69ff/		nucleus	10X Genomics Chromium Controller	
/experiments/ENCSR439ZVQ/	ENCSR439ZVQ	single-cell RNA sequencing assay	snRNA-seq	tissue				Homo sapiens heart left ventricle tissue nuclear fraction male adult (20 years)	heart left ventricle			Michael Snyder, Stanford	ENCODE	released	/files/ENCFF887IOB/,/files/ENCFF117ILV/,/files/ENCFF508EMF/,/files/ENCFF859DQJ/,/files/ENCFF031EGO/,/files/ENCFF797JDN/,/files/ENCFF326OCK/,/files/ENCFF213BYF/,/files/ENCFF845YIP/,/files/ENCFF145JOX/	/multiomics-series/ENCSR822CXI/	ENCBS650GQB	1	1		Homo sapiens	adult	20 years												/replicates/d61a55fc-a91a-4332-80c2-2fb8b37c27ea/		nucleus	10X Genomics Chromium Controller	
/experiments/ENCSR352DXB/	ENCSR352DXB	single-cell RNA sequencing assay	snRNA-seq	tissue				Homo sapiens heart left ventricle tissue nuclear fraction male adult (57 years)	heart left ventricle			Michael Snyder, Stanford	ENCODE	released	/files/ENCFF067LVY/,/files/ENCFF893QDX/,/files/ENCFF250GPW/,/files/ENCFF826KIK/,/files/ENCFF562LRO/,/files/ENCFF047YYV/,/files/ENCFF507PDS/,/files/ENCFF657DBR/,/files/ENCFF917UJV/,/files/ENCFF480ETF/	/multiomics-series/ENCSR573DJW/	ENCBS159AKG	1	1		Homo sapiens	adult	57 years												/replicates/c88fec86-1eda-44fe-8743-a75032529651/		nucleus	10X Genomics Chromium Controller	
/experiments/ENCSR751BHQ/	ENCSR751BHQ	single-cell RNA sequencing assay	snRNA-seq	tissue				Homo sapiens heart left ventricle tissue nuclear fraction male adult (25 years)	heart left ventricle			Michael Snyder, Stanford	ENCODE	released	/files/ENCFF832NAM/,/files/ENCFF247KPQ/,/files/ENCFF364MIM/,/files/ENCFF652OJX/,/files/ENCFF596PVI/,/files/ENCFF634GVC/,/files/ENCFF137CCP/,/files/ENCFF861QBB/,/files/ENCFF862QRX/,/files/ENCFF492GYR/	/multiomics-series/ENCSR768WQT/	ENCBS477QUD	1	1		Homo sapiens	adult	25 years												/replicates/2e6d81b1-e402-49d4-a177-93d25e0c5469/		nucleus	10X Genomics Chromium Controller	
/experiments/ENCSR899GYX/	ENCSR899GYX	single-cell RNA sequencing assay	snRNA-seq	tissue				Homo sapiens heart left ventricle tissue nuclear fraction male adult (58 years)	heart left ventricle			Michael Snyder, Stanford	ENCODE	released	/files/ENCFF028NHT/,/files/ENCFF619ADE/,/files/ENCFF948WBP/,/files/ENCFF978DTH/,/files/ENCFF219NBO/,/files/ENCFF930BHH/,/files/ENCFF769HEP/,/files/ENCFF819QII/,/files/ENCFF419RRF/,/files/ENCFF306ADI/,/files/ENCFF004QRO/,/files/ENCFF299VHU/,/files/ENCFF207WJQ/,/files/ENCFF314JFV/	/multiomics-series/ENCSR793XGJ/	ENCBS352UMO	1	1		Homo sapiens	adult	58 years												/replicates/320de21b-a597-40da-a122-caaaa7c7f381/		nucleus	10X Genomics Chromium Controller	
/experiments/ENCSR093GXF/	ENCSR093GXF	single-cell RNA sequencing assay	snRNA-seq	tissue				Homo sapiens heart left ventricle tissue nuclear fraction male adult (62 years)	heart left ventricle			Michael Snyder, Stanford	ENCODE	released	/files/ENCFF843AYQ/,/files/ENCFF118BXF/,/files/ENCFF579BFD/,/files/ENCFF736FAX/,/files/ENCFF404SYD/,/files/ENCFF069NKF/,/files/ENCFF552HTP/,/files/ENCFF573MJB/,/files/ENCFF854OKS/,/files/ENCFF884XMQ/	/multiomics-series/ENCSR884JZC/	ENCBS878QCW	1	1		Homo sapiens	adult	62 years												/replicates/10c9da87-3bc8-4982-a453-dc66aa40a9f6/		nucleus	10X Genomics Chromium Controller	
/experiments/ENCSR962JKS/	ENCSR962JKS	single-cell RNA sequencing assay	snRNA-seq	tissue				Homo sapiens heart left ventricle tissue nuclear fraction male adult (21 years)	heart left ventricle			Michael Snyder, Stanford	ENCODE	released	/files/ENCFF904SMD/,/files/ENCFF441FKY/,/files/ENCFF516WHK/,/files/ENCFF309ZVS/,/files/ENCFF889YBG/,/files/ENCFF242NWR/,/files/ENCFF533CRR/,/files/ENCFF094RSY/,/files/ENCFF880TFK/,/files/ENCFF364QVU/,/files/ENCFF802HTG/,/files/ENCFF924QJZ/,/files/ENCFF682PEH/,/files/ENCFF561TPA/	/multiomics-series/ENCSR966RKP/	ENCBS107FQC	1	1		Homo sapiens	adult	21 years												/replicates/4caa0770-4585-461a-b39d-541e25819763/		nucleus	10X Genomics Chromium Controller	
/experiments/ENCSR067BOK/	ENCSR067BOK	single-cell RNA sequencing assay	snRNA-seq	tissue				Homo sapiens heart left ventricle tissue nuclear fraction female adult (50 years)	heart left ventricle			Michael Snyder, Stanford	ENCODE	released	/files/ENCFF523AEZ/,/files/ENCFF278UIG/,/files/ENCFF686JEL/,/files/ENCFF629CUT/,/files/ENCFF890MQZ/,/files/ENCFF944AQV/,/files/ENCFF474ZVW/,/files/ENCFF467RZG/,/files/ENCFF459ZSZ/,/files/ENCFF245BNG/	/multiomics-series/ENCSR730AXV/	ENCBS966QMB	1	1		Homo sapiens	adult	50 years												/replicates/48b07aa4-c603-4d53-bac0-e10c08ce1841/		nucleus	10X Genomics Chromium Controller	
/experiments/ENCSR259VOY/	ENCSR259VOY	single-cell RNA sequencing assay	snRNA-seq	tissue				Homo sapiens heart left ventricle tissue nuclear fraction male adult (54 years)	heart left ventricle			Michael Snyder, Stanford	ENCODE	released	/files/ENCFF680UAL/,/files/ENCFF169UDT/,/files/ENCFF540GUO/,/files/ENCFF722CGD/,/files/ENCFF567XQL/,/files/ENCFF341PSN/,/files/ENCFF474XJS/,/files/ENCFF570EXM/,/files/ENCFF834DJN/,/files/ENCFF070HDU/	/multiomics-series/ENCSR300BCB/	ENCBS034WRO	1	1		Homo sapiens	adult	54 years												/replicates/6d3ebaf1-26cd-4ecf-b8b5-4f4c8868a314/		nucleus	10X Genomics Chromium Controller	
/experiments/ENCSR801DHT/	ENCSR801DHT	single-cell RNA sequencing assay	snRNA-seq	tissue				Homo sapiens heart left ventricle tissue nuclear fraction male adult (41 years)	heart left ventricle			Michael Snyder, Stanford	ENCODE	released	/files/ENCFF608GKV/,/files/ENCFF591AKV/,/files/ENCFF477DGF/,/files/ENCFF082JTJ/,/files/ENCFF772IKA/,/files/ENCFF609FIG/,/files/ENCFF433UAL/,/files/ENCFF907UBD/,/files/ENCFF980RVJ/,/files/ENCFF869ZIZ/	/multiomics-series/ENCSR265ZRW/	ENCBS041JJC	1	1		Homo sapiens	adult	41 years												/replicates/cab898af-42d4-4e7b-a259-e0832e110b92/		nucleus	10X Genomics Chromium Controller	
/experiments/ENCSR481QQR/	ENCSR481QQR	single-cell RNA sequencing assay	snRNA-seq	tissue				Homo sapiens heart left ventricle tissue nuclear fraction female adult (46 years)	heart left ventricle		snRNA on human heart left ventricle. Please note that this experiment is part of 10x multiome and has a corresponding scATAC experiment (ENCSR131DKN)	Michael Snyder, Stanford	ENCODE	released	/files/ENCFF411KSY/,/files/ENCFF870KQA/,/files/ENCFF105FJT/,/files/ENCFF971OTQ/,/files/ENCFF998KOF/,/files/ENCFF115PBR/,/files/ENCFF902CTE/,/files/ENCFF392PCC/,/files/ENCFF314GZU/,/files/ENCFF320FXH/	/multiomics-series/ENCSR568QKW/	ENCBS196UFN	1	1		Homo sapiens	adult	46 years												/replicates/048df93c-511f-493e-a62d-858ae3861013/		nucleus	10X Genomics Chromium Controller	
/experiments/ENCSR176WWW/	ENCSR176WWW	single-cell RNA sequencing assay	snRNA-seq	tissue				Homo sapiens heart left ventricle tissue nuclear fraction female adult (25 years)	heart left ventricle			Michael Snyder, Stanford	ENCODE	released	/files/ENCFF209WID/,/files/ENCFF019XJJ/,/files/ENCFF778VLK/,/files/ENCFF939BVC/,/files/ENCFF166AJK/,/files/ENCFF664GLM/,/files/ENCFF323OMW/,/files/ENCFF507SLH/,/files/ENCFF628WZY/,/files/ENCFF058VOT/	/multiomics-series/ENCSR983ILQ/	ENCBS186SQI	1	1		Homo sapiens	adult	25 years												/replicates/49ebbd83-1fb3-4ac3-a400-2a9f9a63dc26/		nucleus	10X Genomics Chromium Controller	
/experiments/ENCSR398YBK/	ENCSR398YBK	single-cell RNA sequencing assay	snRNA-seq	tissue				Homo sapiens heart left ventricle tissue nuclear fraction female adult (48 years)	heart left ventricle			Michael Snyder, Stanford	ENCODE	released	/files/ENCFF999IWK/,/files/ENCFF149KQL/,/files/ENCFF434VJS/,/files/ENCFF390XAP/,/files/ENCFF797TFI/,/files/ENCFF553VJR/,/files/ENCFF612FUI/,/files/ENCFF844LKW/,/files/ENCFF490WIG/,/files/ENCFF277KQL/	/multiomics-series/ENCSR673CAA/	ENCBS078WTV	1	1		Homo sapiens	adult	48 years												/replicates/53b041a3-12b4-4fbd-beca-68a04a5bfd54/		nucleus	10X Genomics Chromium Controller	
/experiments/ENCSR349AHE/	ENCSR349AHE	single-cell RNA sequencing assay	snRNA-seq	tissue				Homo sapiens heart left ventricle tissue nuclear fraction male adult (45 years)	heart left ventricle			Michael Snyder, Stanford	ENCODE	released	/files/ENCFF698OEX/,/files/ENCFF217SUA/,/files/ENCFF630BNJ/,/files/ENCFF583KKQ/,/files/ENCFF074URK/,/files/ENCFF541MBL/,/files/ENCFF256FJB/,/files/ENCFF273KLR/,/files/ENCFF092CFR/,/files/ENCFF216OLS/,/files/ENCFF459HJH/,/files/ENCFF311QHU/,/files/ENCFF131RGT/,/files/ENCFF898UMG/	/multiomics-series/ENCSR938QYK/	ENCBS042LKH	1	1		Homo sapiens	adult	45 years												/replicates/a72fd4b7-878c-46de-8252-50be19cfb1f6/		nucleus	10X Genomics Chromium Controller	
/experiments/ENCSR138JCM/	ENCSR138JCM	single-cell RNA sequencing assay	snRNA-seq	tissue				Homo sapiens heart left ventricle tissue nuclear fraction female adult (69 years)	heart left ventricle			Michael Snyder, Stanford	ENCODE	released	/files/ENCFF630OMH/,/files/ENCFF331UZZ/,/files/ENCFF624TFH/,/files/ENCFF240NMW/,/files/ENCFF747VRV/,/files/ENCFF984PHV/,/files/ENCFF544USL/,/files/ENCFF612YMV/,/files/ENCFF014PWV/,/files/ENCFF547YDT/	/multiomics-series/ENCSR137EAT/	ENCBS692UAY	1	1		Homo sapiens	adult	69 years												/replicates/72c55c3d-0068-4b70-9e7b-26fb872c6752/		nucleus	10X Genomics Chromium Controller	
/experiments/ENCSR203YOV/	ENCSR203YOV	single-cell RNA sequencing assay	snRNA-seq	tissue				Homo sapiens heart left ventricle tissue nuclear fraction male adult (69 years)	heart left ventricle			Michael Snyder, Stanford	ENCODE	released	/files/ENCFF053PFO/,/files/ENCFF325QXA/,/files/ENCFF740BAJ/,/files/ENCFF681BML/,/files/ENCFF865XHP/,/files/ENCFF974AZJ/,/files/ENCFF694BUP/,/files/ENCFF040AHY/,/files/ENCFF791PQD/,/files/ENCFF196JPI/,/files/ENCFF379FXA/,/files/ENCFF324CPD/,/files/ENCFF317UYU/,/files/ENCFF767TNG/	/multiomics-series/ENCSR304NKV/	ENCBS432XFE	1	1		Homo sapiens	adult	69 years												/replicates/e85f4354-0cff-488b-8ce3-8ec531cc26bd/		nucleus	10X Genomics Chromium Controller	
/experiments/ENCSR681GPY/	ENCSR681GPY	single-cell RNA sequencing assay	snRNA-seq	tissue				Homo sapiens heart left ventricle tissue nuclear fraction male adult (43 years)	heart left ventricle			Michael Snyder, Stanford	ENCODE	released	/files/ENCFF005NYK/,/files/ENCFF631CZI/,/files/ENCFF982YGL/,/files/ENCFF627GRU/,/files/ENCFF698SQG/,/files/ENCFF872JUZ/,/files/ENCFF776PVQ/,/files/ENCFF819OPG/,/files/ENCFF677AGL/,/files/ENCFF101WBN/,/files/ENCFF141HGZ/,/files/ENCFF838XKA/,/files/ENCFF948FAP/,/files/ENCFF836JRP/	/multiomics-series/ENCSR239BIN/	ENCBS405VQS	1	1		Homo sapiens	adult	43 years												/replicates/9cbce2e1-793a-4e4e-9b6d-fec8cce48404/		nucleus	10X Genomics Chromium Controller	
/experiments/ENCSR755CIF/	ENCSR755CIF	single-cell RNA sequencing assay	snRNA-seq	tissue				Homo sapiens heart left ventricle tissue nuclear fraction female adult (47 years)	heart left ventricle		snRNA on left heart ventricle. Please note that this experiment is part of 10x multiome and has a correspoding scATAC experiment (ENCSR918VTH).	Michael Snyder, Stanford	ENCODE	released	/files/ENCFF202MXL/,/files/ENCFF788DTH/,/files/ENCFF749VUD/,/files/ENCFF950POF/,/files/ENCFF146HKM/,/files/ENCFF594SCL/,/files/ENCFF163SHI/,/files/ENCFF046HXA/,/files/ENCFF060PEE/,/files/ENCFF244JQG/	/multiomics-series/ENCSR245BNT/	ENCBS580LUW	1	1		Homo sapiens	adult	47 years												/replicates/667fca1b-a02e-42d6-ad7d-396f263aa6d5/		nucleus	10X Genomics Chromium Controller	
/experiments/ENCSR405YKM/	ENCSR405YKM	single-cell RNA sequencing assay	snRNA-seq	tissue				Homo sapiens heart left ventricle tissue nuclear fraction female adult (59 years)	heart left ventricle		Please note that this experiment is part of 10x multiome and has a corresponding scATAC experiment (ENCSR318ERF).	Michael Snyder, Stanford	ENCODE	released	/files/ENCFF765RMN/,/files/ENCFF538DXH/,/files/ENCFF579PUI/,/files/ENCFF572SPG/,/files/ENCFF673YWL/,/files/ENCFF916VFR/,/files/ENCFF718XQH/,/files/ENCFF842ZNS/,/files/ENCFF364GBG/,/files/ENCFF307NAL/	/multiomics-series/ENCSR793DNM/	ENCBS544NEM	1	1		Homo sapiens	adult	59 years												/replicates/b195c5ce-94d3-445a-b0ff-13e413639d13/		nucleus	10X Genomics Chromium Controller	
/experiments/ENCSR727OYO/	ENCSR727OYO	single-cell RNA sequencing assay	snRNA-seq	tissue				Homo sapiens heart left ventricle tissue nuclear fraction female adult (41 years)	heart left ventricle		Please note that this experiment is part of 10x multiome and has a corresponding scATAC experiment (ENCSR785BSP).	Michael Snyder, Stanford	ENCODE	released	/files/ENCFF367CAH/,/files/ENCFF924ABC/,/files/ENCFF634QLF/,/files/ENCFF093ZIT/,/files/ENCFF843VYH/,/files/ENCFF141KVN/,/files/ENCFF893VYH/,/files/ENCFF417VQT/,/files/ENCFF518WAA/,/files/ENCFF399IMG/	/multiomics-series/ENCSR508WRP/	ENCBS103VRO	1	1		Homo sapiens	adult	41 years												/replicates/a0191182-e63f-443b-af7f-122c9c581074/		nucleus	10X Genomics Chromium Controller
